labels,hp6,hp6_min,hp6_max,lp6,lp6_min,lp6_max,hp5,hp5_min,hp5_max,lp5,lp5_min,lp5_max,al,al_min,al_max,fe,fe_min,fe_max,mse
0,0.8309899598173903,0.26889080768138396,1,0.8781507980388725,0.20625208602246967,1,0.9415141368574486,0.3270649406288907,1,0.9150482679341192,0.2842985868327652,1,0.8419989056978845,0.0954591849822853,1,0.837462667038288,0.02914977867754127,1,3.890370747251614
1,0.7606494239271187,0.07118533916671305,1,0.4590367867942344,0,1,0.38174710098102643,0.05170784645698211,1,0.34516611510138745,0,1,0.41676659805533744,0,1,0.6226156450643496,0,1,5.761954682650108
2,0.05403388404287273,0,1,0.05228588571217024,0,0.7314414810855041,0.06330427560589315,0,0.5958946815464575,0.06817817261605105,0,1,0.11907239860230996,0,1,0.168810445635719,0,1,4.8900971117479095
3,0.20993180106908998,0,0.9423924470178207,0.5285961840140682,0.005935250005729881,1,0.459543557086578,0.006763660845022952,1,0.8965953434722608,0.15169765297558058,1,1,0.23519615230887142,1,0.40636966629618076,0,1,5.16732847420568
4,0.2918752389223725,0.010163742671313966,0.903508688697424,0.06485641330388997,0,0.7491405851213918,1,0.2735473834380881,1,0.02146943407184964,0,0.4924886748835974,0.5868339512448443,0,1,0.11928411680383415,0,0.8273404367004418,3.8140475060643424
5,0.06727261411334683,0,0.6421145358057138,0.06865052966967412,0,0.6438340957419317,0.15151372931164264,0,0.7160956904257405,0.18572713476919386,0,1,0.8183231265622813,0.00757698500923812,1,1,0.136813562821832,1,4.0696207237908295
6,0.9107877353292378,0.18144869292417196,1,0.38997312641621157,0.1049392013816406,1,0.9984078407967553,0.4587736236179504,1,0.862787627766407,0.062162217799239125,1,0.18472571067933896,0,0.8504497049516185,0.15676769706296315,0,0.7461652474679654,3.923653048934993
7,0.24000784068113692,0.11888381156071842,0.9953457710732402,0.8097148011111295,0.2547379056367523,1,1,0.40516868962091523,1,0.8187980686801392,0.141379559823516,1,0.06697185565679215,0,0.675605586569194,0.7412689734349593,0.09288314378649822,1,3.6939584032935535
8,0.7352221744175854,0,1,1,0.23040834429791332,1,0.16656500899701548,0,0.8252621512420574,0.06114590053759235,0,0.8724117828278446,0.019096466595902927,0,0.6904180719867528,0.020112187048132703,0,0.5506710256329305,3.8143469462133344
